sample,latitude,longitude,dist_coast,dist_ocean,elevation
2A1,-72.02408333,-3.37991667,62146.80899,175705.0811,1285.617188
A10,-72.64811111,-3.75752778,130300.653,245330.2745,1883.5
A11,-71.76197222,-2.82530556,39208.97427,148169.2328,889.875
A12,-71.76197222,-2.82547222,39206.10401,148168.3373,889.875
A1,-72.03430556,2.54063889,102173.2271,202711.5726,1298.03125
A2,-72.03544444,2.54194444,102284.2406,202820.6976,1299.429688
A3,-72.03561111,2.54488889,102376.7746,202810.285,1300.953125
A4,-72.05433333,-2.72513889,64163.4292,180859.1346,1295.929688
A5,-72.05402778,-2.7255,64159.2918,180823.6897,1271.609375
A6,-72.05436111,-2.72283333,64094.11534,180873.8346,1283.695313
A7,-72.64611111,-3.76294444,130292.1279,245117.2832,1883.34375
A8,-72.64663889,-3.76172222,130299.5257,245173.8153,1882.890625
A9,-72.64969444,-3.75727778,130409.19,245505.5342,1880.71875
B10,-71.48116667,-3.20155556,6281.075324,115557.7354,379.875
B11,-71.89730556,-3.22625,49189.42399,161761.1482,1021.882813
B12,-71.89708333,-3.23277778,49109.68265,161725.6751,1052.984375
B1,-71.75825,-2.81686111,38963.23236,147805.587,985.546875
B2,-71.49136111,-3.23386111,6277.80335,116610.5091,464
B3,-71.49136111,-3.23627778,6226.070318,116605.0066,464
B4,-71.49080556,-3.23566667,6189.796802,116544.6185,480.7265625
B5,-71.48811111,-3.20772222,6623.55307,116313.0916,439.0078125
B6,-71.48866667,-3.20908333,6632.574287,116371.3085,445.9609375
B7,-71.48930556,-3.20644444,6749.027691,116449.1442,436.4375
B8,-71.48069444,-3.20102778,6263.919461,115506.6866,379.875
B9,-71.48105556,-3.20008333,6314.901763,115549.3537,375.359375
C10,-72.00922222,2.59383333,102057.163,199523.59,1480.445313
C11,-72.00794444,2.59213889,101929.0052,199402.8641,1460.492188
C12,-72.008,2.59191667,101926.1612,199410.9075,1460.492188
C1,-71.89483333,-3.31427778,48252.63279,161369.5972,831.90625
C2,-72.01083333,2.60013889,102337.2859,199636.7141,1527.882813
C3,-72.01091667,2.59997222,102337.7708,199647.1989,1548.5
C4,-72.011,2.59972222,102335.8887,199658.4645,1548.5
C5,-72.01016667,2.59669444,102197.6384,199597.7147,1504.882813
C6,-72.01086111,2.59666667,102240.3792,199672.2981,1504.882813
C7,-72.01033333,2.59638889,102199.3999,199618.4253,1504.882813
C8,-72.00916667,2.59452778,102073.4241,199511.0996,1480.445313
C9,-72.00919444,2.59422222,102066.4771,199516.9512,1480.445313
D10,-72.00302778,2.57688889,101187.7498,199022.0722,1251.164063
D11,-72.00191667,2.57425,101043.2436,198928.6013,1203.195313
D12,-72.0335,2.67636111,105923.2154,201376.0566,1255.585938
D1,-72.00697222,2.58925,101786.0259,199326.1798,1432.351563
D2,-72.00702778,2.58891667,101780.0184,199335.2794,1432.351563
D3,-72.00708333,2.58866667,101776.3818,199343.5892,1432.351563
D4,-72.00591667,2.58641667,101639.424,199240.1425,1399.867188
D5,-72.006,2.58616667,101637.5186,199251.4275,1399.867188
D7,-72.00480556,2.58325,101479.8736,199151.4239,1345.476563
D8,-72.00388889,2.58047222,101343.5449,199079.8871,1299.109375
D9,-72.00297222,2.57713889,101191.3996,199013.7425,1251.164063
E10,-72.03641667,2.68980556,106487.4873,201572.2173,1402.273438
E11,-72.03633333,2.69005556,106489.3085,201561.0724,1402.273438
E12,-72.03758333,2.69183333,106618.4155,201680.1638,1461.445313
E1,-72.03341667,2.67658333,105924.25,201365.1397,1255.585938
E2,-72.03405556,2.68016667,106065.9231,201402.3795,1291.390625
E3,-72.03397222,2.68036111,106066.1741,201391.7092,1276.945313
E4,-72.03422222,2.68116667,106104.7262,201411.5388,1291.390625
E5,-72.03416667,2.68136111,106106.7288,201403.8589,1291.390625
E6,-72.03486111,2.68419444,106230.6735,201453.7668,1309.8125
E7,-72.03475,2.68433333,106227.6037,201440.5979,1309.8125
E8,-72.03561111,2.68677778,106351.0423,201511.905,1356.203125
E9,-72.03552778,2.68702778,106352.8656,201500.7571,1356.203125
F10,-72.03869444,2.75769444,108558.1197,201241.4082,1258.945313
F11,-72.03869444,2.75802778,108567.6236,201238.6493,1258.945313
F12,-72.04002778,2.75711111,108624.2141,201390.2056,1284.8125
F1,-72.03755556,2.69211111,106624.5197,201674.7628,1461.445313
F2,-72.03877778,2.694,106755.0609,201789.9527,1507.164063
F3,-72.03869444,2.69433333,106759.2221,201778.0928,1507.164063
F4,-72.04005556,2.69580556,106886.8061,201911.8959,1541.726563
F5,-72.03997222,2.69616667,106891.7411,201899.8005,1541.726563
F6,-72.03283333,2.67263889,105775.861,201337.1619,1230.054688
F7,-72.03275,2.67286111,105776.8938,201326.241,1230.054688
F8,-72.03738889,2.75836111,108496.2914,201094.9217,1201.382813
F9,-72.03738889,2.75869444,108505.8036,201092.1621,1231.984375
G10,-72.05433333,-2.72513889,64163.4292,180859.1346,1295.929688
G11,-72.02494444,2.63491667,104210.8443,200827.7584,1185.796875
G12,-72.02491667,2.63511111,104214.592,200823.0108,1174.382813
G1,-72.04005556,2.75763889,108640.9729,201388.839,1284.8125
G2,-72.04130556,2.75711111,108703.6224,201528.1797,1336.304688
G3,-72.04127778,2.75752778,108713.7542,201521.7353,1336.304688
G4,-72.04269444,2.75716667,108791.6596,201677.6974,1354.273438
G5,-72.04266667,2.75755556,108800.9888,201671.4864,1354.398438
G6,-72.04391667,2.75791667,108889.1785,201803.4945,1395.234375
G7,-72.04388889,2.75830556,108898.4974,201797.2862,1395.234375
G8,-72.04522222,2.75905556,109003.0316,201935.1036,1415.742188
G9,-72.04519444,2.75955556,109015.4965,201927.9853,1415.742188
H10,-72.02588889,2.63330556,104224.964,200943.7452,1189.734375
H11,-71.76188889,-2.82533333,39200.4291,148159.9164,889.875
H12,-71.48133333,-3.20005556,6334.490443,115580.2892,375.359375
H1,-72.02491667,2.63511111,104214.592,200823.0108,1174.382813
H3,-72.02491667,2.63511111,104214.592,200823.0108,1174.382813
H4,-72.02491667,2.63511111,104214.592,200823.0108,1174.382813
H6,-72.02588889,2.63330556,104224.964,200943.7452,1189.734375
H7,-72.02588889,2.63330556,104224.964,200943.7452,1189.734375
H8,-72.02588889,2.63330556,104224.964,200943.7452,1189.734375
H9,-72.02588889,2.63330556,104224.964,200943.7452,1189.734375
Karin-RK1,-71.48133333,-3.20005556,6334.490443,115580.2892,375.359375
Karin-RK3,-71.48088889,-3.20211111,6246.594501,115525.3832,379.875
Karin-RK4,-71.48819444,-3.20830556,6615.241312,116320.8401,446.8984375
Karin-RK,-71.48105556,-3.20236111,6250.935623,115543.2324,379.875
Karin-flarjuven2,-71.01697222,-3.39719444,3257.033569,63502.8471,74.4609375
Karin-flarjuven4,-72.01519444,-3.38577778,61141.76063,174713.8657,1303.96875
Karin-grune1,-72.04983333,-2.79058333,65963.44272,180047.949,1365.054688
Karin-grune2,-72.04938889,-2.79255556,66003.56071,179989.8892,1358.34375
Karin-grune3,-72.04877778,-2.79022222,65902.17248,179933.2367,1353.015625
Karin-lorenz1,-71.76180556,-2.82511111,39196.19239,148151.9438,889.875
Karin-lorenz3,-71.75825,-2.80941667,38802.32074,147846.4955,981.3125
Karin-rk6,-71.49133333,-3.23575,6234.834115,116603.1137,464
Karin-schu1,-71.90277778,-2.97347222,51769.9904,163044.6226,933.6015625
Karin-schu2,-71.90311111,-2.97361111,51804.37649,163081.0032,933.6015625
Karin-schu3,-71.75227778,-2.97322222,35945.59452,146397.1065,708.8125
Karin-slett1,-72.13688889,-3.28330556,75008.60901,188321.5351,1475.484375
Karin-slett2,-72.13688889,-3.29772222,74943.14003,188307.3529,1500.398438
Karin-slett3,-72.13352778,-3.27808333,74662.91704,187953.3475,1462.835938
Karin-valt1,-71.89708333,-3.22647222,49163.5539,161736.0708,1021.882813
Karin-valt2,-71.89419444,-3.22727778,48845.2328,161413.5637,1097.1875
Karin-valt3,-71.89419444,-3.22727778,48845.2328,161413.5637,1097.1875
karin-flarjuven3,-72.01713889,-3.39683333,61317.19328,174926.6096,1321.382813
AV1_2,-85.17623333,-174.0921667,70513.70503,727456.4855,1424.078125
AV1_4,-85.17621667,-174.09745,70500.56379,727467.734,1424.078125
AV1_5,-85.17611667,-174.1005,70483.43083,727464.7564,1424.078125
AV1_6,-85.17621667,-174.1026333,70489.43475,727480.4903,1403.25
AV1_7,-85.17615,-174.1070667,70472.88766,727484.418,1403.25
AV1_8,-85.17595,-174.1165333,70431.53021,727486.7821,1389.570313
AV2_1,-85.1706,-174.1338,69828.44693,726968.7308,1370.28125
AV2_2,-85.17028333,-174.1349833,69792.40649,726938.4747,1358.796875
AV2_4,-85.1696,-174.1364,69717.05026,726870.375,1358.796875
AV2_7,-85.16801667,-174.1389,69544.10718,726710.6537,1334.515625
AV2_8,-85.16761667,-174.1393333,69500.83841,726669.8132,1335.320313
AV3_1,-85.17068333,-174.1483,69806.60785,727013.3729,1393.0625
AV3_2,-85.1703,-174.1474833,69767.72457,726971.1829,1377.742188
AV3_3,-85.16941667,-174.14615,69676.98116,726875.3213,1362.609375
AV3_4,-85.16831667,-174.1512667,69549.67532,726772.7546,1345.625
AV3_5,-85.16756667,-174.1528167,69466.96752,726698.0202,1339.179688
AV3_6,-85.16716667,-174.1518667,69426.60929,726653.7524,1339.179688
BP1_1,-85.21261667,-177.3386167,73919.55364,740341.2452,1355.070313
BP1_2,-85.21048333,-177.3285167,73673.60435,740091.63,1331.210938
BP1_3,-85.20783333,-177.3224167,73379.93647,739802.0633,1312.039063
BP1_4,-85.20495,-177.3292333,73085.23216,739529.8678,1286.421875
BP1_5,-85.20321667,-177.3433333,72926.89095,739398.2091,1257.101563
BP1_6,-85.20146667,-177.3620167,72775.91678,739279.6296,1224.109375
BP1_7,-85.20093333,-177.3721,72738.4512,739257.5846,1210.992188
BP1_8,-85.20063333,-177.3757667,72713.58585,739238.7734,1209.304688
BP2_1,-85.21213333,-177.3576,73903.25744,740352.4529,1352.671875
BP2_2,-85.2116,-177.3588833,73848.85074,740302.1924,1342.640625
BP2_3,-85.21121667,-177.3620333,73813.92462,740273.1753,1342.640625
BP2_5A,-85.20721667,-177.3887,73438.77717,739950.845,1265.59375
BP2_5B,-85.20591667,-177.40175,73325.70594,739860.2329,1226.679688
BP2_7,-85.20363333,-177.3919667,73063.94051,739596.2985,1210.726563
BP2_8,-85.20238333,-177.3907167,72928.5914,739464.9681,1204.5625
BP3_1,-85.21436667,-177.4047667,74230.22863,740730.593,1361.859375
BP3_2,-85.2135,-177.4085667,74145.33898,740654.4657,1345.367188
BP3_4,-85.21158333,-177.4173667,73958.52728,740487.4202,1305.367188
BP3_5,-85.21001667,-177.4193167,73795.76531,740334.1161,1278.523438
BP3_6,-85.20616667,-177.41665,73381.32626,739933.4867,1221.289063
BP3_7,-85.20533333,-177.4148667,73289.26389,739842.8992,1201.195313
BP3_8,-85.2049,-177.4135667,73240.66202,739794.5977,1201.195313
HV1_2,-85.04411667,-177.2333833,55828.79854,722839.2792,1290.234375
HV1_3,-85.0419,-177.2421167,55615.75492,722643.0462,1156.398438
HV1_4,-85.0404,-177.2420333,55457.55056,722490.2032,1123.046875
HV1_5,-85.03806667,-177.2369667,55199.7572,722235.8962,1062.515625
HV1_6,-85.03393333,-177.2206167,54725.5599,721760.6408,1023.679688
HV1_7,-85.03103333,-177.1790333,54322.38054,721326.2721,1024.226563
HV1_8,-85.03005,-177.1751333,54209.5945,721213.154,992.25
HV2_5,-85.0467,-177.4161667,56553.95698,723717.4359,924.375
HV2_6,-85.04845,-177.4213167,56750.37688,723912.5509,912.15625
HV2_7,-85.05035,-177.4160667,56935.29531,724087.6563,916.6015625
HV3_10,-85.02945,-177.1922833,54186.25617,721209.5435,1003.085938
HV3_1,-85.03316667,-177.3292167,54912.54009,722048.5582,1147.296875
HV3_2,-85.02861667,-177.1936667,54101.65526,721129.3976,986.578125
HV3_3,-85.03285,-177.3167,54847.48171,721974.0536,1155.289063
HV3_4,-85.03288333,-177.3021167,54814.16084,721928.1693,1096.34375
HV3_5,-85.03076667,-177.2549167,54474.8855,721553.8684,1058.304688
HV3_6,-85.03111667,-177.2489333,54497.0953,721569.3164,1035.054688
HV3_7,-85.0316,-177.2427,54532.8104,721597.4966,1035.054688
HV3_8,-85.03196667,-177.2374833,54558.796,721617.2469,1015.875
HV3_9,-85.0324,-177.2265167,54578.10541,721624.4788,1011.460938
MF1_1,-84.62618333,-176.7664333,12543.10518,677943.4922,584.75
MF1_2,-84.62638333,-176.7611,12518.94828,677958.4749,540.9296875
MF1_3,-84.62646667,-176.7549,12479.83457,677959.7848,540.9296875
MF1_6,-84.6236,-176.7353,12119.20017,677625.7018,451.109375
MF2_1,-84.62351667,-176.73275,12094.14981,677613.5467,404.796875
MF2_2,-84.62375,-176.72945,12087.55473,677634.6942,404.796875
MF2_3,-84.62373333,-176.7252167,12055.29472,677627.6749,404.796875
MF2_4,-84.62266667,-176.75065,12163.25946,677543.8311,487.171875
MF3_1,-84.62266667,-176.7455833,12125.46103,677537.5494,487.171875
MF3_2,-84.62411667,-176.0409667,8650.152209,675915.9753,302.0390625
MFx1,-84.62511667,-176.7705333,12493.60641,677833.3261,593.65625
MFx2,-84.62411667,-176.04085,8649.937648,675915.5669,302.0390625
MFx3,-84.62406667,-176.04295,8648.470701,675917.8028,302.0390625
MSP10X,-84.483,-176.4972667,2539.608833,662132.3213,201.2265625
MSP11X,-84.46486667,-177.1276667,6434.987256,661010.3811,228.2734375
MSP13X,-84.48296667,-176.4805333,2420.197229,662108.4403,124.1171875
MSP1_1,-84.46493333,-177.1614667,6397.925618,661066.455,252.5078125
MSP1_2,-84.48301667,-176.51275,2654.576321,662152.9714,295.84375
MSP1_4,-84.48306667,-176.5035333,2590.202045,662147.1503,245.8828125
MSP2_1,-84.48188333,-176.5069667,2525.526563,662023.3455,244.2734375
MSP2_2,-84.4819,-176.4975333,2455.703058,662013.6702,198.34375
MSP2_3,-84.48153333,-176.49465,2406.153513,661970.5089,192.4609375
MSP3_1,-84.48191667,-176.4879,2386.498764,662003.7834,158.2109375
MSP3_2,-84.48085,-176.47925,2239.917229,661877.9362,105.8984375
MSP3_3,-84.48046667,-176.4826833,2235.363696,661840.6271,84.234375
MSP3_4,-84.48018333,-176.4880833,2254.628792,661816.5226,139.9609375
MSP4_1,-84.46606667,-177.1224167,6572.624805,661132.2677,255.03125
MSP4_2A,-84.46566667,-177.1357167,6508.948647,661108.2788,244.484375
MSP4_2B,-84.46566667,-177.1357167,6508.948647,661108.2788,244.484375
MSP4_2C,-84.46566667,-177.1357167,6508.948647,661108.2788,244.484375
MSP4_4,-84.46466667,-177.1685,6362.256338,661047.9181,260.9921875
MSPX1,-84.4784,-176.4787,2051.358722,661612.2631,69.125
MSPX2,-84.48146667,-176.4787,2284.950765,661943.9743,105.8984375
MSPX3,-84.48146667,-176.4787,2284.950765,661943.9743,105.8984375
MSPX4,-84.48161667,-176.47655,2281.930754,661957.6013,116.3828125
MSPX5,-84.48148333,-176.4772167,2275.820267,661943.9837,105.8984375
MSPX6,-84.48081667,-176.4818167,2256.015631,661877.436,105.8984375
NP1_1,-84.53455,-176.4222333,4433.114598,667463.7415,120.375
NP1_2,-84.53411667,-176.4055,4254.478845,667375.3095,117.7734375
NP1_3,-84.5339,-176.40255,4220.808404,667344.921,117.7734375
NP2_2,-84.53505,-175.42705,2215.389203,664659.6732,597.5390625
NP2_3,-84.5353,-175.42775,2221.729588,664687.7682,611.171875
NP2_4,-84.5357,-175.4302667,2219.973328,664737.4879,611.171875
NP3_1,-84.5346,-175.4231667,2229.265419,664600.1473,613.921875
NP3_2,-84.53366667,-175.4019333,2348.983754,664431.7558,561.578125
NP3_3,-84.53406667,-175.4075667,2352.51547,664492.093,563.640625
NP3_4,-84.53441667,-175.4166,2282.248432,664558.8893,613.921875
NP4_1,-84.5317,-175.3359667,2643.591679,664005.2527,95.0078125
NP4_3,-84.53191667,-175.335,2666.668963,664024.2769,106.2578125
NP4_5,-84.53315,-175.3152333,2909.616027,664084.3293,84.8203125
NP4_6,-84.6227,-176.7500833,12161.49986,677546.7302,487.171875
RM1_8,-85.48678333,-177.0993667,103040.0018,767671.5505,1695.304688
TGV1_1,-84.92033333,-176.9902,42214.08318,709422.2832,1161.148438
TGV1_2,-84.91991667,-176.9830833,42151.94569,709355.5191,1160.21875
TGV1_3,-84.91955,-176.9731667,42087.93044,709284.2714,1156.03125
TGV1_4,-84.9187,-176.9615667,41969.05253,709158.0915,1113.109375
TGV1_5,-84.91763333,-176.9316833,41781.73186,708947.4501,1060.640625
TGV1_6,-84.91668333,-176.9121167,41633.45279,708784.001,1002.242188
TGV1_7,-84.91605,-176.8988667,41534.45198,708674.3704,933.03125
TGV1_8,-84.91536667,-176.8791333,41414.96656,708537.6272,901.4453125
TGV2_1,-84.91778333,-177.0528,42115.00279,709377.8915,1040.960938
TGV2_2,-84.91638333,-177.02175,41884.1721,709128.6787,1042.851563
TGV2_3,-84.91551667,-176.9955667,41723.57967,708950.5917,1037.070313
TGV2_4,-84.9145,-176.9688333,41547.04832,708755.4891,1034.429688
TGV2_5,-84.915,-176.9068833,41443.39458,708594.7353,950.359375
TGV2_6,-84.91455,-176.89165,41358.91654,708497.0173,912.84375
TGV2_7,-84.9145,-176.88595,41339.89937,708472.5244,882.5078125
TGV2_8,-84.9174,-177.0489833,42064.50517,709325.7698,1040.960938
TGV2_extra,-84.91903333,-177.06025,42265.93905,709530.6473,1078.414063
TGV3_3,-84.9135,-176.9650833,41432.46985,708640.8732,1043.15625
TGV3_4,-84.91456667,-176.9322833,41460.79501,708637.264,1023.1875
TGV3_5,-84.91495,-176.9117667,41450.12119,708606.2886,980.6015625
TGV3_6,-84.9145,-176.9008333,41375.95204,708523.1983,950.359375
TGV3_7,-84.91411667,-176.8959667,41323.72346,708467.5784,910.6875
TGV3_8,-84.91358333,-176.8834667,41237.28831,708370.696,881.2109375
TGV3_9,-84.91368333,-176.8831667,41247.10915,708379.8619,881.2109375
TN1_2,-84.92538333,-176.0765,41351.04512,706926.6154,1047.359375
TN1_3,-84.92523333,-176.0817667,41337.13239,706927.8886,1047.359375
TN1_5,-84.921,-176.0976,40884.54247,706543.0657,934.53125
TN1_6,-84.91865,-176.1080333,40634.52791,706334.7846,906.9375
TN1_7,-84.916,-176.1338833,40361.25575,706144.9942,871.578125
TN1_8,-84.91481667,-176.1509167,40243.35179,706077.9256,845.0078125
TN1_9Bonus,-84.91556667,-176.1465833,40322.03843,706141.0842,855.765625
TN1_9,-84.91556667,-176.1465833,40322.03843,706141.0842,855.765625
TN2_1,-84.92381667,-176.0987667,41191.32555,706836.2319,974.796875
TN2_2,-84.92416667,-176.0996167,41229.80268,706874.9006,992.65625
TN2_3,-84.92451667,-176.09975,41267.91755,706911.2928,992.65625
TN2_4,-84.92548333,-176.1047,41375.52756,707026.3544,1015.289063
TN2_5,-84.92635,-176.1060167,41470.41573,707119.5991,1022.25
TN2_6,-84.9266,-176.1063333,41497.75467,707146.2957,1022.25
TN2_7,-84.92663333,-176.10935,41502.95324,707159.3013,1022.25
TN2_8,-84.92661667,-176.1107833,41501.89869,707162.1421,1022.25
TN3_1,-84.92271667,-176.1242333,41085.42241,706804.1997,1014.257813
TN3_2,-84.92166667,-176.1252333,40971.89203,706699.5112,989.796875
TN3_5,-84.9182,-176.1281667,40596.89492,706352.7299,895.59375
T0-1_S137,-77.57881,163.52307,442.0613913,442.0613913,-51.7421875
T0-2_S138,-77.57881,163.52307,442.0613913,442.0613913,-51.7421875
T0-3_S72,-77.57881,163.52307,442.0613913,442.0613913,-51.7421875
T0-4_S140,-77.57881,163.52307,442.0613913,442.0613913,-51.7421875
T100-1_S145,-77.58326,163.53085,858.8352856,858.8352856,25.5546875
T100-2_S146,-77.58326,163.53085,858.8352856,858.8352856,25.5546875
T100-3_S73,-77.58326,163.53085,858.8352856,858.8352856,25.5546875
T100-4_S148,-77.58326,163.53085,858.8352856,858.8352856,25.5546875
T150-1_S149,-77.58806,163.54169,1060.448953,1060.448953,82.8359375
T150-2_S150,-77.58806,163.54169,1060.448953,1060.448953,82.8359375
T150-3_S151,-77.58806,163.54169,1060.448953,1060.448953,82.8359375
T150-4_S152,-77.58806,163.54169,1060.448953,1060.448953,82.8359375
T200-1_S153,-77.59398,163.55348,1011.65917,1011.65917,134.1796875
T200-2_S154,-77.59398,163.55348,1011.65917,1011.65917,134.1796875
T200-3_S74,-77.59398,163.55348,1011.65917,1011.65917,134.1796875
T200-4_S156,-77.59398,163.55348,1011.65917,1011.65917,134.1796875
T450-1_S157,-77.6152,163.58061,2292.850786,2292.850786,382.234375
T450-2_S158,-77.6152,163.58061,2292.850786,2292.850786,382.234375
T450-3_S159,-77.6152,163.58061,2292.850786,2292.850786,382.234375
T450-4_S160,-77.6152,163.58061,2292.850786,2292.850786,382.234375
T50-1_S141,-77.58166,163.52771,711.2743077,711.2743077,-3.890625
T50-2_S142,-77.58166,163.52771,711.2743077,711.2743077,-3.890625
T50-3_S143,-77.58166,163.52771,711.2743077,711.2743077,-3.890625
T50-4_S144,-77.58166,163.52771,711.2743077,711.2743077,-3.890625
T500-1_S161,-77.61658,163.58295,2350.905703,2350.905703,448.1640625
T500-2_S75,-77.61658,163.58295,2350.905703,2350.905703,448.1640625
T500-3_S80,-77.61658,163.58295,2350.905703,2350.905703,448.1640625
T500-4_S76,-77.61658,163.58295,2350.905703,2350.905703,448.1640625
T600-1_S165,-77.61942,163.58435,2458.467959,2458.467959,555.0703125
T600-2_S77,-77.61942,163.58435,2458.467959,2458.467959,555.0703125
T600-3_S167,-77.61942,163.58435,2458.467959,2458.467959,555.0703125
T600-4_S168,-77.61942,163.58435,2458.467959,2458.467959,555.0703125
T650-1_S169,-77.62128,163.58542,2498.323407,2498.323407,600.921875
T650-2_S78,-77.62128,163.58542,2498.323407,2498.323407,600.921875
T650-3_S171,-77.62128,163.58542,2498.323407,2498.323407,600.921875
T650-4_S172,-77.62128,163.58542,2498.323407,2498.323407,600.921875
T684-1_S173,-77.62308,163.58818,2515.372666,2515.372666,625.28125
T684-2_S79,-77.62308,163.58818,2515.372666,2515.372666,625.28125
T684-3_S175,-77.62308,163.58818,2515.372666,2515.372666,625.28125
T684-4_S176,-77.62308,163.58818,2515.372666,2515.372666,625.28125
SRR12095364,-76.39280323,161.056,32839.40802,43053.23135,1005.078125
SRR12095365,-76.57130317,161.243,30795.34503,35405.29152,1020.34375
SRR12095366,-76.58030313,161.097,34185.77112,38999.79209,1017.71875
SRR12095367,-76.09650411,162.01,8324.545369,8324.545369,242.1015625
SRR12095368,-76.49360377,162.064,13475.64204,17444.08743,832.8203125
SRR12095369,-76.47010326,161.27,33437.93845,37780.67708,1180.320313
SRR12095370,-77.01480303,161.456,22459.68096,22459.68096,591.953125
SRR12095371,-77.01100294,161.426,23045.35535,23045.35535,614.234375
SRR12095372,-77.02760281,161.216,28541.21555,28541.21555,865.4453125
SRR12095373,-77.00380349,162.238,3272.757506,3272.757506,228.546875
SRR12095374,-77.65000347,163.116,8677.254878,8677.254878,152.9765625
SRR12095375,-76.52000338,161.45,27521.61343,31521.61343,1175.046875
SRR12095376,-76.06630421,162.008,8535.585335,9354.287617,314.546875
SRR12095377,-76.43730318,161.007,36417.53228,44914.84205,1049.8125
SRR12095378,-77.01570295,161.405,23691.77472,23691.77472,675.5703125
SRR12095379,-77.01380299,161.428,23086.72689,23086.72689,667.4609375
ERR2919704,-63.906083,-57.840183,1346.424956,1346.424956,100.125
ERR2919705,-63.906083,-57.840183,1346.424956,1346.424956,100.125
ERR2919706,-63.906083,-57.840183,1346.424956,1346.424956,100.125
ERR2919719,-63.8933,-57.9298,4018.406904,4018.406904,100.171875
ERR2919720,-63.8933,-57.9298,4018.406904,4018.406904,100.171875
ERR2919721,-63.8933,-57.9298,4018.406904,4018.406904,100.171875
ERR2660616,-77.4666648,162.5166646,26160.72333,26160.72333,362.7421875
ERR2660617,-77.4666648,162.5166646,26160.72333,26160.72333,362.7421875
ERR2660618,-77.4666648,162.5166646,26160.72333,26160.72333,362.7421875
ERR2660619,-77.4666648,162.5166646,26160.72333,26160.72333,362.7421875
ERR2660620,-77.4666648,162.5166646,26160.72333,26160.72333,362.7421875
ERR2660621,-77.4666648,162.5166646,26160.72333,26160.72333,362.7421875
ERR2660622,-77.4666648,162.5166646,26160.72333,26160.72333,362.7421875
ERR2660624,-77.4666648,162.5166646,26160.72333,26160.72333,362.7421875
ERR2660625,-77.4666648,162.5166646,26160.72333,26160.72333,362.7421875
ERR2660627,-77.4666648,162.5166646,26160.72333,26160.72333,362.7421875
ERR2660628,-77.4666648,162.5166646,26160.72333,26160.72333,362.7421875
ERR2660629,-77.4666648,162.5166646,26160.72333,26160.72333,362.7421875
ERR2660630,-77.4666648,162.5166646,26160.72333,26160.72333,362.7421875
ERR2660631,-77.4666648,162.5166646,26160.72333,26160.72333,362.7421875
ERR2660632,-77.4666648,162.5166646,26160.72333,26160.72333,362.7421875
ERR2660633,-77.4666648,162.5166646,26160.72333,26160.72333,362.7421875
BO.17.01,-54.445,3.404,1754780.241,1754780.241,
BO.17.03,-54.445,3.404,1754780.241,1754780.241,
BO.17.13,-54.445,3.404,1754780.241,1754780.241,
BO.17.27,-54.445,3.404,1754780.241,1754780.241,
CR.16.175,-46.39116,51.80608,2312116.274,2312116.274,
CR.16.191,-46.43134,51.85979,2306899.324,2306899.324,
CR.16.82,-46.4357,51.83424,2306439.461,2306439.461,
DR.17.138,-56.51336,-68.72871,828413.5334,828413.5334,
DR.17.74.2,-56.51255,-68.72959,828524.0363,828524.0363,
KER.16.186,-49.34361,70.06525,2150050.576,2150050.576,
KER.16.187,-49.3541,70.01931,2147689.363,2147689.363,
MAC.17.02,-73.23471,-126.76921,4789.435992,4789.435992,-2.6328125
MAC.17.03,-73.23436,-126.77721,4693.964035,4693.964035,25.5625
MAC.17.04,-73.19804,-127.05265,9324.989858,9324.989858,6.015625
MAC.17.05,-73.19803,-127.05704,9383.312745,9383.312745,-17.4296875
MAC.17.06,-73.54043,-127.445,67.4547883,67.4547883,79.3671875
MAC.17.07,-73.54047,-127.44504,65.75713168,65.75713168,79.3671875
MAC.17.08,-73.54041,-127.44522,74.29068061,74.29068061,79.3671875
MAC.17.09.a,-73.54041,-127.44522,74.29068061,74.29068061,79.3671875
MAC.17.09.b,-73.54041,-127.44522,74.29068061,74.29068061,79.3671875
MAC.17.09.c,-73.54041,-127.44522,74.29068061,74.29068061,79.3671875
MAC.17.20.b,-73.54089,-127.42231,199.7247552,199.7247552,90.8359375
MAR.16.132,-46.89094,37.79452,2431404.571,2431404.571,
PET.17.01,-68.8153,-90.7321,396310.7428,396310.7428,-13
SC.17.01,-67.379,-179.912,584368.4966,584368.4966,
SC.17.02,-67.379,-179.912,584368.4966,584368.4966,
SC.17.03,-67.379,-179.912,584368.4966,584368.4966,
SC.17.04,-67.379,-179.912,584368.4966,584368.4966,
SC.17.05,-67.379,-179.912,584368.4966,584368.4966,
SC.17.06,-67.379,-179.912,584368.4966,584368.4966,
SG.17.103,-54.266,-36.502,906499.8362,906499.8362,155.3515625
SG.17.111,-54.262,-36.502,906913.9628,906913.9628,106.71875
SG.17.91,-54.272,-36.516,905389.3662,905389.3662,305
SG.17.95,-54.262,-36.504,906844.0694,906844.0694,110.40625
SG.17.99,-54.263,-36.505,906705.5799,906705.5799,113.015625
SRR16996395,-62.16527778,-58.96777778,104.2997504,104.2997504,26.7578125
SRR16996396,-62.18777778,-58.9175,491.5375095,491.5375095,50.5234375
SRR16996397,-62.17388889,-58.9525,966.7180528,966.7180528,66.1015625
SRR16996398,-62.18222222,-58.97777778,289.1454349,289.1454349,59.703125
SRR16996399,-62.17972222,-58.91861111,1316.156233,1316.156233,72.5390625
SRR16996400,-62.17055556,-58.94361111,1086.499446,1086.499446,65.0390625
SRR16996401,-62.17388889,-58.9525,966.7180528,966.7180528,66.1015625
SRR16996402,-62.17722222,-58.97833333,219.2585884,219.2585884,28.5390625
SRR16996403,-62.18222222,-58.97777778,289.1454349,289.1454349,59.703125
SRR16996404,-74.76804444,164.0160222,173.3725989,173.3725989,-15.0546875
SRR16996405,-74.76804444,164.0160222,173.3725989,173.3725989,-15.0546875
SRR16996406,-74.76804444,164.0160222,173.3725989,173.3725989,-15.0546875
SRR16996407,-74.76804444,164.0160222,173.3725989,173.3725989,-15.0546875
SRR16996408,-74.76804444,164.0160222,173.3725989,173.3725989,-15.0546875
SRR16996409,-62.185,-58.9775,140.8486045,140.8486045,65.3828125
SRR16996410,-74.76804444,164.0160222,173.3725989,173.3725989,-15.0546875
SRR16996411,-74.76804444,164.0160222,173.3725989,173.3725989,-15.0546875
SRR16996412,-74.76804444,164.0160222,173.3725989,173.3725989,-15.0546875
SRR16996413,-74.76804444,164.0160222,173.3725989,173.3725989,-15.0546875
SRR16996414,-74.76804444,164.0160222,173.3725989,173.3725989,-15.0546875
SRR16996415,-74.76804444,164.0160222,173.3725989,173.3725989,-15.0546875
SRR16996416,-72.3166654,170.2666656,250.914482,250.914482,124.6640625
SRR16996417,-72.3166654,170.2666656,250.914482,250.914482,124.6640625
SRR16996418,-72.3166654,170.2666656,250.914482,250.914482,124.6640625
SRR16996419,-72.3166654,170.2666656,250.914482,250.914482,124.6640625
SRR16996420,-62.17972222,-58.91861111,1316.156233,1316.156233,72.5390625
SRR16996421,-72.3166654,170.2666656,250.914482,250.914482,124.6640625
SRR16996422,-72.3166654,170.2666656,250.914482,250.914482,124.6640625
SRR16996423,-72.3166654,170.2666656,250.914482,250.914482,124.6640625
SRR16996424,-72.3166654,170.2666656,250.914482,250.914482,124.6640625
SRR16996425,-72.3166654,170.2666656,250.914482,250.914482,124.6640625
SRR16996426,-72.3166654,170.2666656,250.914482,250.914482,124.6640625
SRR16996427,-72.3166654,170.2666656,250.914482,250.914482,124.6640625
SRR16996428,-77.213194,166.4456667,414.2794917,414.2794917,-52.7421875
SRR16996429,-77.213194,166.4456667,414.2794917,414.2794917,-52.7421875
SRR16996430,-62.20472222,-59.00083333,130.6257014,130.6257014,40.0546875
SRR16996431,-62.17055556,-58.94361111,1086.499446,1086.499446,65.0390625
SRR16996432,-62.20861111,-58.99444444,429.6468462,429.6468462,76.90625
SRR16996433,-62.20833333,-58.98388889,617.6977639,617.6977639,82.0546875
SRR16996434,-62.20944444,-58.98305556,590.2236353,590.2236353,63.5234375
SRR16996435,-62.21138889,-58.97805556,449.4141418,449.4141418,53.8828125
SRR16996436,-62.21361111,-58.97166667,287.1190714,287.1190714,39.75
SRR16996437,-62.20472222,-59.00083333,130.6257014,130.6257014,40.0546875
SRR16996438,-62.20861111,-58.99444444,429.6468462,429.6468462,76.90625
SRR16996439,-62.20833333,-58.98388889,617.6977639,617.6977639,82.0546875
SRR17050018,-62.217893,-58.964096,192.6734107,192.6734107,40.6875
SRR17050019,-62.217893,-58.964096,192.6734107,192.6734107,40.6875
SRR17050020,-62.218024,-58.966421,307.4228119,307.4228119,59.15625
SRR17050021,-64.71588333,-62.87171667,5091.640849,5091.640849,54.4375
SRR17050022,-64.895507,-62.870299,201.9195321,201.9195321,27.265625
SRR17050023,-64.895507,-62.870299,201.9195321,201.9195321,27.265625
SRR17050024,-64.81828333,-63.50921667,112.0702903,112.0702903,35.9296875
SRR17050025,-64.81828333,-63.50921667,112.0702903,112.0702903,35.9296875
A_4,-76.89465,161.13915,29939.93359,29939.93359,875.734375
A_5,-76.89465,161.13915,29939.93359,29939.93359,875.734375
A_6,-76.89465,161.13915,29939.93359,29939.93359,875.734375
BA_2,-77.49361667,160.8710306,63414.51772,63414.51772,1529.3125
BA_5,-77.49361667,160.8710306,63414.51772,63414.51772,1529.3125
BA_6,-77.49361667,160.8710306,63414.51772,63414.51772,1529.3125
BR_2,-77.43863333,162.7288028,20328.68319,20328.68319,222.6015625
BR_3,-77.43863333,162.7288028,20328.68319,20328.68319,222.6015625
BR_6,-77.43863333,162.7288028,20328.68319,20328.68319,222.6015625
BSP3,-76.92235,161.0814333,30863.52929,30863.52929,1242.304688
BSP4,-76.92235,161.0814333,30863.52929,30863.52929,1242.304688
D_1,-77.54776667,161.2364167,54083.95372,54083.95372,784.53125
D_6,-77.54776667,161.2364167,54083.95372,54083.95372,784.53125
F_3,-77.60769444,163.2506833,7293.450125,7293.450125,-35.34375
H_1,-77.51019167,160.5785972,70037.73734,70037.73734,1159.453125
H_3,-77.51019167,160.5785972,70037.73734,70037.73734,1159.453125
H_5,-77.51019167,160.5785972,70037.73734,70037.73734,1159.453125
HG_1,-78.0386,163.8506028,11389.53262,11389.53262,679.84375
HG_3,-78.0386,163.8506028,11389.53262,11389.53262,679.84375
HG_4,-78.0386,163.8506028,11389.53262,11389.53262,679.84375
HM_1,-78.11667222,163.7507917,8274.357863,15107.94047,556.28125
HM_4,-78.11667222,163.7507917,8274.357863,15107.94047,556.28125
HM_6,-78.11667222,163.7507917,8274.357863,15107.94047,556.28125
L2,-77.79723333,160.6154778,67337.93521,67337.93521,1389.375
L4,-77.79723333,160.6154778,67337.93521,67337.93521,1389.375
L6,-77.79723333,160.6154778,67337.93521,67337.93521,1389.375
LG_1,-78.02647778,163.8512083,11617.40991,11617.40991,299.1875
LG_2,-78.02647778,163.8512083,11617.40991,11617.40991,299.1875
LG_3,-78.02647778,163.8512083,11617.40991,11617.40991,299.1875
LM_3,-78.10059722,163.8091194,8499.688503,13372.49616,108.8203125
LM_5,-78.10059722,163.8091194,8499.688503,13372.49616,108.8203125
LM_6,-78.10059722,163.8091194,8499.688503,13372.49616,108.8203125
MF_1,-77.57317222,163.1585972,8487.984296,8487.984296,576.1875
MF_3,-77.57317222,163.1585972,8487.984296,8487.984296,576.1875
MF_4,-77.57317222,163.1585972,8487.984296,8487.984296,576.1875
MS_1,-77.03662778,161.7101194,16748.77996,16748.77996,804.6640625
MS_2,-77.03662778,161.7101194,16748.77996,16748.77996,804.6640625
MS_3,-77.03662778,161.7101194,16748.77996,16748.77996,804.6640625
SU_1,-77.01780833,161.7385694,15714.91176,15714.91176,469.8203125
SU_3,-77.01780833,161.7385694,15714.91176,15714.91176,469.8203125
SU_6,-77.01780833,161.7385694,15714.91176,15714.91176,469.8203125
UVV_3,-77.34212222,161.6870222,40078.0864,40078.0864,359.15625
UVV_5,-77.34212222,161.6870222,40078.0864,40078.0864,359.15625
UVV_6,-77.34212222,161.6870222,40078.0864,40078.0864,359.15625
UW_6,-77.55761389,160.9545806,60506.95101,60506.95101,587.6640625
1,-70.80936111,68.17722222,34647.96067,238706.756,36.2578125
10,-70.83475,68.06480556,37419.32688,243667.7065,133.4453125
100,-68.60134,78.23598,5444.00699,5444.00699,44.3203125
101,-68.60134,78.23598,5444.00699,5444.00699,44.3203125
102,-68.65743333,77.87660833,1583.286109,1583.286109,40.703125
103,-67.78251,62.79129,14693.66842,14693.66842,517.3671875
104,-68.60675,77.94797222,5891.30691,5891.30691,42.59375
105,-68.85427,77.93998,157.8744382,157.8744382,88.0625
106,-73.38772222,62.04244444,152889.9707,574324.3725,1956.625
107,-68.59994,78.28881,5351.594171,5351.594171,52.0703125
108,-68.59519444,77.95883333,7111.502014,7111.502014,33.859375
109,-68.83064,77.70951,9540.642041,9540.642041,38.703125
11,-68.81859,77.70846,9929.975972,9929.975972,48.2578125
110,-66.27819,110.53568,166.8326163,166.8326163,-10.9921875
111,-66.28093,110.51998,206.3499249,206.3499249,14.6796875
112,-67.60029,62.86214,486.4046672,486.4046672,31.8828125
113,-69.3654,76.13505,6100.953745,6100.953745,38.9921875
114,-69.3654,76.13505,6100.953745,6100.953745,38.9921875
115,-68.83048,77.71918,9160.957577,9160.957577,28.296875
12,-69.39658,76.38214,94.6688163,94.6688163,79.203125
121,-73.45122222,62.01372222,154467.0242,579456.5627,2094.6875
123,-73.01216667,66.44508333,14573.72735,444564.6712,509.65625
125,-73.43227778,62.15572222,149768.543,574652.7457,1763.273438
132,-73.42052778,61.87758333,158394.4909,580675.7714,1528.382813
133,-73.32711111,68.38461111,24659.60886,439399.6864,1201.929688
136,-70.53330556,68.01402778,6895.77241,224253.9959,172.3046875
137,-70.53402778,69.00816667,7279.429814,197744.6953,252.109375
138,-70.48722222,72.49277778,824.4473571,93618.06155,159.7734375
139,-71.51130556,67.39413889,13665.28806,304329.8502,715.8203125
14,-70.50944444,72.52658333,1724.350167,95191.21101,272.2578125
140,-70.53052778,67.83322222,10467.9363,226941.8878,139.703125
141,-70.55036111,68.0405,8499.263797,225563.79,182.0078125
142,-70.52155556,68.04230556,5330.558118,222617.5487,175.4140625
143,-70.54905556,67.98361111,8947.098094,226328.9312,223.796875
144,-74.29038889,66.79472222,109084.4553,556642.6715,1227.34375
145,-70.82922222,68.17683333,33837.01792,239728.795,171.4453125
146,-71.40555556,68.00644444,3971.452783,279940.8312,145.625
147,-70.80922222,68.00869444,37384.26136,244241.7429,88.4609375
148,-73.48366667,68.41611111,38711.58211,454378.4634,1542.5625
149,-73.30438889,68.39880556,23287.98169,436960.5178,940.875
150,-73.30852778,68.50216667,26169.42361,435838.9468,1178.320313
151,-73.32833333,68.35427778,24087.22378,439970.9218,1265.1875
152,-70.45283333,64.58805556,111026.8587,298568.2796,2044.054688
154,-73.30033333,68.46580556,24697.6019,435567.9034,1114.382813
155,-73.32466667,68.31644444,22976.70854,440178.2325,544.2109375
156,-73.41294444,68.28497222,30059.6978,449295.3418,659.71875
157,-71.19305556,67.79233333,20130.5498,272299.2103,402.0234375
16,-67.60308,62.86428,191.5752129,191.5752129,30.4375
160,-73.31605556,68.35580556,23144.54477,438745.6937,660.625
161,-70.46741667,64.93436111,98782.54283,289546.9775,2065.5
163,-70.42438889,68.80819444,6903.300104,200160.2094,220.734375
164,-70.54425,68.80011111,10178.4683,205309.4331,32.2578125
165,-71.22233333,67.7265,19444.13627,276070.129,235.015625
166,-73.27755556,68.39655556,21439.24694,434366.4421,1329.34375
167,-73.31933333,68.41122222,24676.14487,438241.7278,1127.53125
168,-70.81216667,68.06780556,37629.06904,242439.2433,183.5546875
17,-68.82537,77.67931,10864.92163,10864.92163,45.3828125
170,-73.30191667,68.44172222,24185.85491,436079.8662,1038.46875
171,-73.29866667,68.24469444,19302.99798,438729.133,536.59375
172,-70.8285,68.21266667,32646.49293,238524.6164,48.671875
173,-70.62827778,67.55577778,25196.62876,241399.538,654.6953125
174,-70.84486111,68.07127778,36583.23088,243969.147,29.484375
175,-73.30561111,68.48725,25594.67531,435770.8165,1150.15625
176,-73.31011111,68.45119444,24982.68577,436744.6147,1144.53125
177,-72.81958333,68.04180556,2445.282079,396520.1345,246.390625
178,-73.31077778,68.50369444,26355.98285,436038.1556,1276.726563
179,-71.48472222,67.75044444,5657.537776,292538.4369,514.640625
18,-70.45661111,72.54041667,2420.652326,89763.8519,139.4375
180,-73.30580556,68.42333333,23991.40367,436734.4253,927.1875
181,-73.63802778,68.47008333,51245.4967,469004.2653,756.3359375
182,-73.07405556,68.06811111,2771.597847,419951.1639,241.25
183,-66.28009,110.5221,151.1462542,151.1462542,2.96875
184,-72.52363889,68.35705556,1549.483294,363423.4138,55.7265625
186,-72.92372222,68.1415,760.7905897,404488.334,348.34375
187,-72.92372222,68.1415,760.7905897,404488.334,348.34375
188,-71.19858333,67.16525,38175.20233,291809.9491,1056.15625
189,-71.19730556,66.39155556,63343.33636,316173.9985,1486.078125
19,-67.60409,62.87266,76.28882213,76.28882213,49.09375
20,-68.82444,77.69951,10092.23003,10092.23003,20.375
21,-73.39647222,65.60961111,42342.83702,494551.9018,807.28125
22,-73.30816667,68.40577778,23727.99432,437227.0229,835.703125
23,-73.30383333,68.46058333,24793.71545,435989.0139,1075.382813
25,-69.70967,73.74583,509.1473965,509.1473965,33.125
26,-73.01986111,66.46980556,13608.87183,444725.517,728.1875
27,-68.85573,77.93426,34.63936941,34.63936941,61.953125
29,-70.505,72.60369444,4266.037576,93433.82473,184.828125
3,-70.53527778,68.24388889,7968.611205,220955.7943,220.421875
30,-70.54897222,67.80544444,12599.11234,229247.6419,755.9140625
31,-73.64388889,68.52966667,53019.01223,468795.6735,856.828125
32,-69.37552,76.38286,2070.022893,2070.022893,19.5625
33,-69.38658,76.32887,2110.97236,2110.97236,69
34,-67.76826,62.81809,13436.36605,13436.36605,504.9765625
35,-70.52297222,67.86791667,8931.951753,225604.2444,165.9765625
36,-70.57547222,67.98147222,11746.6592,229033.1119,402.4609375
38,-73.40972222,62.205,147960.985,571860.0342,2027.414063
39,-69.37974,76.37732,1889.866981,1889.866981,68.8828125
40,-68.85405,77.93672,23.46058888,23.46058888,64.7578125
41,-70.54216667,67.88077778,10120.86524,227307.513,264.9609375
42,-73.30466667,68.44975,24574.42317,436231.0466,1006.554688
43,-70.54383333,67.90611111,9705.666995,227056.8536,234.8046875
44,-68.58156,78.23908,7649.383867,7649.383867,71.0703125
45,-68.85275,77.94259,225.7023033,225.7023033,105.3125
46,-68.479,78.4241,2091.500524,2091.500524,51.4765625
47,-67.60406,62.86996,26.36140085,26.36140085,40.515625
48,-70.52505556,67.79802778,11065.02167,226997.6423,192.9921875
49,-73.31658333,68.42675,24843.15235,437741.7779,1294.265625
50,-73.40025,62.05369444,152642.6063,574916.4061,1991.914063
51,-70.51775,68.00394444,5420.490609,222845.0618,175.9375
52,-73.31452778,68.38944444,23804.52429,438093.8786,823.640625
53,-73.43977778,62.12661111,150776.3387,575891.8873,1850.132813
54,-73.32630556,68.30144444,22801.93791,440563.8944,531.234375
55,-70.53358333,67.91883333,8495.852048,225820.0638,189.046875
56,-73.33025,68.37563889,24708.87138,439840.8115,1282.695313
57,-68.6415,78.29643,762.2908518,762.2908518,44.6171875
58,-73.32772222,68.34438889,23823.74612,440058.6778,1196.164063
59,-70.52669444,67.87233333,9080.132727,225901.6608,182.875
6,-69.40848,76.00594,5620.983978,5620.983978,23.1484375
60,-70.51716667,67.92744444,6870.034509,224032.7531,152.5546875
61,-70.53105556,67.89666667,8791.010816,225932.429,141.9140625
62,-73.30908333,68.49072222,25911.85196,436061.5134,1222.929688
63,-69.40227,76.101,3792.465163,3792.465163,59.5703125
65,-73.42916667,61.94027778,156510.4699,579724.0903,2028.921875
66,-73.31772222,68.38125,23855.34543,438529.0707,838.5859375
67,-68.85427,77.93998,157.8744382,157.8744382,88.0625
68,-67.78417,62.78767,14846.15891,14846.15891,523.5078125
69,-67.76826,62.81809,13436.36605,13436.36605,504.9765625
71,-70.55933333,67.94705556,10521.86953,227950.4571,283.75
72,-73.33025,68.37563889,24708.87138,439840.8115,1282.695313
73,-73.43669444,62.09061111,151869.094,576555.4512,1670.140625
74,-69.43379,75.99059,4671.722133,4671.722133,58.7109375
75,-68.50095278,78.08096667,15914.77943,15914.77943,24.1796875
76,-68.60162,78.34634,4569.019925,4569.019925,80.1328125
77,-73.44338889,62.15313889,149989.7656,575498.959,1848.054688
78,-66.28174,110.53558,541.7429067,541.7429067,12.65625
79,-69.40181,76.08656,4297.681741,4297.681741,43.53125
80,-69.39013,76.35168,1468.554617,1468.554617,21.5703125
81,-73.41802778,61.844,159428.5585,581336.0189,1750.8125
83,-73.31388889,68.37225,23354.92582,438287.6935,732.4296875
84,-70.84477778,68.0425,37467.58649,244904.0207,37.15625
85,-69.3654,76.13505,6100.953745,6100.953745,38.9921875
86,-69.40444,76.11796,3083.520031,3083.520031,89.1953125
87,-68.56638889,78.47586111,1035.688983,1035.688983,68.1875
89,-68.51286111,78.50838889,75.91232135,75.91232135,45.8984375
90,-70.51288889,68.02955556,4559.297363,221944.2927,85.8828125
92,-70.52366667,67.88997222,8368.339516,225304.676,143.3671875
93,-69.40918,76.00242,5687.998459,5687.998459,27.5
94,-73.39297222,62.01080556,153933.893,575471.3656,1814.296875
95,-68.85815,77.94057,272.2908671,272.2908671,91.9765625
96,-69.38673,76.37597,1161.456767,1161.456767,50.375
97,-66.2828,110.5337,624.0914285,624.0914285,14.453125
98,-70.54608333,67.85827778,10996.13611,228072.8147,298.6796875
99,-68.51194444,78.51111111,165.3283499,165.3283499,36.390625
s102,-71.87780556,-68.24791667,102.882973,157352.4099,34.5546875
s103,-71.87780556,-68.24791667,102.882973,157352.4099,34.5546875
s105,-71.87780556,-68.24791667,102.882973,157352.4099,34.5546875
s10,-63.84461667,-60.9479,20.96895657,20.96895657,79.1640625
s13,-63.977,-58.64,1579.474864,1579.474864,55.984375
s18,-62.97613333,-60.55676667,118.6226048,118.6226048,40.5234375
s1,-69.3668,-71.84448333,602.9818788,602.9818788,39.765625
s23,-64.83651667,-63.51581667,172.5756664,172.5756664,33.859375
s30,-67.54298333,-67.19876667,83.64764187,83.64764187,9.0625
s31,-67.56878333,-68.11428333,299.9259923,299.9259923,14.5546875
s58,-64.8943,-63.55296667,85.36635409,85.36635409,23.9296875
s64,-62.46073333,-59.50931667,518.7192107,518.7192107,36.984375
s68,-62.08595,-58.39991667,355.1230688,355.1230688,67.5390625
s70,-62.6528,-61.09241667,1150.033457,1150.033457,90.3046875
s83,-63.84496667,-60.95075,124.1331564,124.1331564,112.109375
s85,-69.36808333,-71.8443,640.9253526,640.9253526,30.5234375
s86,-63.96271667,-59.07131667,17924.48298,17924.48298,1683.460938
s88,-67.59383333,-68.2469,49.07573086,49.07573086,11.3125
SRR14233623,-77.60823333,162.9061667,14912.41188,14912.41188,391.84375
SRR14233628,-77.61084,162.92882,14309.52163,14309.52163,242.7421875
SRR14233629,-77.61041,162.92754,14357.22464,14357.22464,242.7421875
SRR14233634,-77.60776667,162.9107167,14795.8078,14795.8078,303.9375
SRR14233640,-77.6074,162.9135667,14720.80404,14720.80404,303.9375
SRR14233642,-77.60758333,162.9124167,14752.0095,14752.0095,303.9375
SRR14233643,-77.60776667,162.9107167,14795.8078,14795.8078,303.9375
SRR14233645,-77.60776667,162.9107167,14795.8078,14795.8078,303.9375
SRR14233646,-77.60801667,162.9089833,14842.16712,14842.16712,352.421875
SRR14233649,-77.60823333,162.9061667,14912.41188,14912.41188,391.84375
SRR14233656,-77.6082,162.9067833,14897.41387,14897.41387,391.84375
SRR14233667,-77.6074,162.9135667,14720.80404,14720.80404,303.9375
SRR14233673,-77.61202,162.92676,14297.80962,14297.80962,245.6875
SRR14233674,-77.61182,162.92778,14285.39089,14285.39089,245.6875
SRR14233675,-77.61153,162.9288,14277.2725,14277.2725,245.6875
SRR14233676,-77.61126,162.92915,14282.56987,14282.56987,245.6875
SRR14233677,-77.61084,162.92882,14309.52163,14309.52163,242.7421875
SRR14233678,-77.6075,162.9125167,14747.49745,14747.49745,303.9375
SRR14233679,-77.61041,162.92754,14357.22464,14357.22464,242.7421875
SRR14233680,-77.60996,162.92638,14403.40419,14403.40419,245.171875
SRR14233681,-77.6099,162.92497,14436.19754,14436.19754,245.171875
SRR14233682,-77.605239,162.909325,14762.55666,14762.55666,284.421875
SRR14233683,-77.60496,162.908317,14778.85663,14778.85663,304.4921875
SRR14233684,-77.604706,162.907636,14788.32382,14788.32382,304.4921875
SRR14233685,-77.604485,162.907084,14795.68082,14795.68082,304.4921875
SRR14233686,-77.604399,162.906337,14810.81018,14810.81018,304.4921875
SRR14233687,-77.604092,162.905083,14832.36737,14832.36737,352.5859375
SRR14233688,-77.60375,162.903961,14850.16765,14850.16765,353.65625
SRR14233689,-77.60758333,162.9124167,14752.0095,14752.0095,303.9375
SRR14233690,-77.6074,162.9135667,14720.80404,14720.80404,303.9375
SRR14233691,-77.6075,162.9125167,14747.49745,14747.49745,303.9375
SRR14233692,-77.60758333,162.9124167,14752.0095,14752.0095,303.9375
SRR14233693,-77.60776667,162.9107167,14795.8078,14795.8078,303.9375
SRR14233694,-77.60791667,162.90975,14821.94383,14821.94383,303.9375
SRR14233695,-77.60801667,162.9089833,14842.16712,14842.16712,352.421875
SRR14233696,-77.6082,162.9067833,14897.41387,14897.41387,391.84375
SRR14233697,-77.60823333,162.9060833,14914.31901,14914.31901,391.84375
SRR14233698,-77.60823333,162.9061667,14912.41188,14912.41188,391.84375
SRR14233699,-77.6074,162.9135667,14720.80404,14720.80404,303.9375
SRR14233700,-77.60801667,162.9089833,14842.16712,14842.16712,352.421875
SRR14233701,-77.6075,162.9125167,14747.49745,14747.49745,303.9375
SRR14233702,-77.60758333,162.9124167,14752.0095,14752.0095,303.9375
SRR14233703,-77.60758333,162.9124167,14752.0095,14752.0095,303.9375
SRR14233704,-77.60776667,162.9107167,14795.8078,14795.8078,303.9375
SRR14233705,-77.60776667,162.9107167,14795.8078,14795.8078,303.9375
SRR14233706,-77.60791667,162.90975,14821.94383,14821.94383,303.9375
SRR14233708,-77.60823333,162.9061667,14912.41188,14912.41188,391.84375
SRR14233709,-77.6074,162.9135667,14720.80404,14720.80404,303.9375
SRR14233710,-77.60823333,162.9061667,14912.41188,14912.41188,391.84375
SRR14233711,-77.6082,162.9067833,14897.41387,14897.41387,391.84375
SRR14233712,-77.60823333,162.9060833,14914.31901,14914.31901,391.84375
ERX1190674,-71.89,-68.26,2.778169422,156529.0537,14.5859375
ERX1190675,-71.89,-68.26,2.778169422,156529.0537,14.5859375
ERX1190676,-71.89,-68.26,2.778169422,156529.0537,14.5859375
ERX1598809,-71.89,-68.26,2.778169422,156529.0537,14.5859375
ERX1598810,-71.89,-68.26,2.778169422,156529.0537,14.5859375
B10AL,-64.81,-63.7631,450.7163031,450.7163031,25.0234375
B1AL,-64.81,-63.7584,246.1608324,246.1608324,22.171875
B2AL,-64.8096,-63.7595,273.8971146,273.8971146,22.171875
B3AL,-64.8101,-63.7586,259.899723,259.899723,20.3125
B4AL,-64.8096,-63.7598,286.9539371,286.9539371,22.171875
B5AL,-64.8106,-63.7611,393.8751346,393.8751346,20.5546875
B6AL,-64.8096,-63.7603,308.7153829,308.7153829,26.6796875
B7AL,-64.8101,-63.7626,433.9885476,433.9885476,23.6953125
B8AL,-64.8097,-63.7608,335.5111086,335.5111086,26.6796875
B9AL,-64.8101,-63.7667,612.4358097,612.4358097,23.203125
E10AL,-62.6821,-60.86,254.5120586,254.5120586,39.09375
E1AL,-62.6808,-60.8589,356.6189276,356.6189276,40.2578125
E2AL,-62.6817,-60.8612,325.4614111,325.4614111,38.9765625
E3AL,-62.6811,-60.8594,339.3814935,339.3814935,40.2578125
E4AL,-62.6818,-60.8609,307.7240876,307.7240876,38.9765625
E5AL,-62.6811,-60.8597,347.0905296,347.0905296,40.2578125
E6AL,-62.6822,-60.8604,254.7614139,254.7614139,39.09375
E7AL,-62.6819,-60.8597,266.8607833,266.8607833,39.09375
E8AL,-62.6819,-60.8605,287.4172342,287.4172342,39.09375
E9AL,-62.6831,-60.8575,89.98633792,89.98633792,54.359375
N1AL,-62.6695,-60.9105,116.0486982,116.0486982,49.859375
N2AL,-62.6694,-60.9107,112.40428,112.40428,49.859375
N3AL,-62.6697,-60.9111,77.20302642,77.20302642,37.0234375
N4AL,-62.6696,-60.9113,73.5585149,73.5585149,37.0234375
N5AL,-62.6701,-60.9127,18.94127326,18.94127326,32.0625
N6AL,-62.6701,-60.9128,23.55472463,23.55472463,32.0625
P10AL,-62.6453,-60.9785,1654.144483,1654.144483,74.6875
P1AL,-62.6464,-60.9661,1560.475932,1560.475932,102.2890625
P2AL,-62.6463,-60.9662,1573.080944,1573.080944,102.2890625
P3AL,-62.6464,-60.9676,1598.942194,1598.942194,85.3671875
P4AL,-62.6463,-60.9677,1611.547232,1611.547232,75.7421875
P5AL,-62.6465,-60.9691,1627.365826,1627.365826,77.453125
P6AL,-62.6464,-60.9691,1637.406643,1637.406643,77.453125
P7AL,-62.6466,-60.9712,1671.171785,1671.171785,76.7578125
P8AL,-62.6465,-60.9712,1681.212801,1681.212801,76.7578125
P9AL,-62.6457,-60.9785,1612.378402,1612.378402,74.6875
SRS7937789,-73.3508,166.373,17030.23282,27575.74278,599.1015625
SRS7937792,-73.3508,166.379,16871.42676,27531.6465,597.7265625
SRS7937795,-75.4052,162.5338,1049.787514,1942.149071,-20.1953125
SRS7937797,-75.4054,162.5345,1034.577675,1916.621007,-20.1953125
SRS7937801,-75.5355,162.3535,1870.992623,6164.670728,110.9921875
SRS7937802,-75.5357,162.3531,1847.8561,6187.183476,110.9921875
SRS7937804,-75.5355,162.3532,1870.090759,6171.076539,110.9921875
SRS7937806,-73.3109,167.2555,2162.026622,19246.00346,292.9609375
SRS7937807,-75.5355,162.3532,1870.090759,6171.076539,110.9921875
SRS7937808,-74.1945,165.0738,2960.356207,2960.356207,-54.3046875
SRS7937809,-74.4209,164.013,11988.22354,21733.52811,1339.570313
SRS7937810,-74.1945,165.0735,2962.686494,2962.686494,-54.3046875
SRS7937811,-74.1937,165.0756,2860.831826,2860.831826,-54.3046875
SRS7937812,-74.1937,165.0756,2860.831826,2860.831826,-54.3046875
SRS7937813,-74.1944,165.0742,2946.556354,2946.556354,-54.3046875
SRS7937814,-77.3614,163.1613,8905.194293,8905.194293,291.390625
SRS7937816,-74.0411,165.1858,702.0602607,702.0602607,103.765625
SRS7937817,-77.3726,162.5327,23875.6667,23875.6667,851.6875
SRS7937818,-74.4207,164.012,11972.84486,21769.88793,1358.914063
SRS7937819,-74.059,164.2128,17327.41403,19665.39622,1028.460938
SRS7937820,-74.4207,164.012,11972.84486,21769.88793,1358.914063
SRS7937821,-74.4207,164.012,11972.84486,21769.88793,1358.914063
SRS7937822,-74.4209,164.013,11988.22354,21733.52811,1339.570313
SRS7937823,-74.4207,164.012,11972.84486,21769.88793,1358.914063
SRS7937824,-77.3726,162.5327,23875.6667,23875.6667,851.6875
SRS7937825,-73.311,167.2555,2169.398972,19235.15487,292.9609375
SRS7937826,-73.3114,167.2556,2196.857436,19192.42601,332.8828125
SRS7937827,-77.3725,162.5327,23875.91376,23875.91376,851.6875
SRS7937830,-77.4221,161.3414,51751.46879,51751.46879,792.046875
SRS7937831,-77.3146,161.3432,41942.74184,41942.74184,1176.101563
SRS7937836,-77.2228,161.4914,31980.7991,31980.7991,958.6875
SRS7937837,-74.0411,165.1858,702.0602607,702.0602607,103.765625
SRS7937838,-74.0411,165.1858,702.0602607,702.0602607,103.765625
SRS7937840,-74.0412,165.1859,692.4178593,692.4178593,103.765625
SRS7937841,-73.3114,167.2556,2196.857436,19192.42601,332.8828125
SRS7937842,-73.3114,167.2556,2196.857436,19192.42601,332.8828125
SRS7937843,-74.1945,165.0738,2960.356207,2960.356207,-54.3046875
SRS7937845,-74.1945,165.0738,2960.356207,2960.356207,-54.3046875
SRS7937846,-74.1945,165.0738,2960.356207,2960.356207,-54.3046875
SRS7937847,-74.1945,165.0749,2951.812211,2951.812211,-54.3046875
SRS7937848,-74.1945,165.0749,2951.812211,2951.812211,-54.3046875
SRS7937849,-73.311,167.2555,2169.398972,19235.15487,292.9609375
SRS7937850,-74.1944,165.0742,2946.556354,2946.556354,-54.3046875
SRS7937851,-74.1945,165.0749,2951.812211,2951.812211,-54.3046875
SRS7942199,-77.367,163.165,8728.135878,8728.135878,276.625
SRS7942200,-77.367,163.165,8728.135878,8728.135878,276.625
SRR5138461,-62.19,-58.94,571.5346799,571.5346799,56.6484375
SRR5138462,-62.99,-60.68,1090.57335,1090.57335,191.125
SRR2980684,-72.05023,23.28767,137029.5675,194333.6396,1397.367188
SRR2980685,-72.05027,23.28769,137033.129,194337.9985,1418.15625
SRR2980686,-72.08948,23.33523,140107.0583,198526.1996,1430.164063
SRR2980687,-72.06374,23.40092,136530.4749,195484.7298,1367.625
SRR2980688,-72.06623,23.41172,136609.1067,195732.4988,1373.59375
SRR2980689,-72.06614,23.40815,136655.6193,195731.8202,1354.921875
SRR2980690,-71.94606,23.34544,125982.8232,182603.9476,1379.882813
SRR2980691,-72.00204,22.99958,132227.9052,190301.9448,1420.109375
SRR2980692,-71.83301,24.5283,98961.27379,165361.312,1106.148438
SRR2980693,-71.83353,24.52969,99007.5069,165418.3104,1117.125
SRR2980694,-71.82792,24.62062,97769.9075,164769.526,1048.265625
SRR2980695,-71.8664,24.58973,102170.5991,169053.8211,1248.984375
SRR2980696,-72.04942,23.27955,137085.9365,194272.1499,1406.570313
SRR2980697,-71.86701,24.58786,102255.6767,169122.01,1248.984375
SRR2980698,-71.86694,24.58725,102252.8764,169114.3191,1285.976563
SRR2980699,-71.86713,24.58633,102279.5949,169135.6249,1285.976563
SRR2980700,-71.83269,24.52615,98942.49045,165327.0845,1111.492188
SRR2980701,-71.95794,23.32939,127402.5501,183973.0977,1360.101563
SRR2980702,-71.99825,23.51706,128227.2285,187878.6825,1441.507813
SRR2980703,-71.95656,23.32908,127275.8214,183821.3014,1343.804688
SRR2980704,-71.99344,23.49622,128077.4898,187452.9939,1564.289063
SRR2980705,-71.94649,23.34574,126018.7106,182650.6039,1379.882813
SRR2980706,-71.94635,23.34588,126002.844,182634.6363,1379.882813
SRR2980707,-72.09937,23.27033,142115.9697,199832.3792,1416.648438
SRR2980708,-71.94634,23.34601,125999.5996,182633.1036,1379.882813
SRR2980709,-71.94638,23.34602,126003.2535,182637.5024,1379.882813
SRR2980710,-71.94638,23.34602,126003.2535,182637.5024,1379.882813
SRR2980711,-71.94592,23.34512,125975.0545,182589.4854,1379.882813
SRR2980712,-71.95541,23.34674,126856.2731,183635.5734,1344.09375
SRR2980713,-71.95577,23.34604,126903.0451,183677.729,1344.09375
SRR2980714,-71.98425,22.99203,130242.227,188390.098,1432.8125
SRR2980715,-71.98497,22.99049,130320.9808,188477.7766,1451.679688
SRR2980716,-71.98576,22.98755,130406.3716,188581.0158,1434.945313
SRR2980717,-72.01939,23.0785,134259.5664,191800.2737,1441.257813
SRR2980718,-72.0994,23.27023,142120.5256,199836.0444,1416.648438
SRR2980719,-71.94731,23.34717,126072.0973,182736.7827,1380.648438
SRR2980720,-72.02615,23.08335,135018.9492,192521.1325,1419.742188
SRR2980721,-72.01945,23.118,134339.1654,191618.3196,1356.578125
SRR2980722,-72.01945,23.118,134339.1654,191618.3196,1356.578125
SRR2980723,-72.01517,23.17256,133989.0111,190902.4281,1454.117188
SRR2980724,-72.05268,23.2247,138292.2497,194834.2214,1404.757813
SRR2980725,-72.05433,23.21099,138435.7263,195069.9694,1443.453125
SRR2980726,-72.04881,23.25527,137433.9026,194291.5023,1387.585938
SRR2980727,-72.05384,23.26192,137810.0428,194823.8317,1501.578125
SRR2980728,-71.87022,22.74772,117640.3692,177568.6817,1400.960938
SRR2980729,-72.10023,23.25328,142476.1156,199987.2593,1443.851563
SRR2980730,-71.86011,22.78047,116467.0905,176219.6227,1408.101563
SRR2980731,-71.85713,22.79267,116120.2239,175803.6501,1350.976563
SRR2980733,-71.95698,23.3463,127014.6638,183810.9401,1381.46875
SRR2980734,-71.95701,23.34628,127017.8929,183814.3287,1381.46875
SRR2980735,-71.95705,23.34619,127023.3027,183819.0521,1381.46875
SRR2980736,-72.08946,23.33138,140165.9231,198535.7809,1415.609375
SRR2981656,-71.98822,23.49192,127629.9235,186882.5532,1499.921875
AFT10_S1,-68.55162427,78.01818363,11621.27375,11621.27375,19.4296875
AFT1100_S73,-68.55091815,78.01969416,11677.91673,11677.91673,17.890625
AFT1102_S14,-68.5509027,78.01972064,11679.24416,11679.24416,17.890625
AFT12_S37,-68.55161007,78.01821664,11622.37359,11622.37359,19.4296875
AFT1200_S50,-68.5501738,78.02103134,11741.35868,11741.35868,17.734375
AFT1202_S86,-68.5501595,78.02106158,11742.52723,11742.52723,17.734375
AFT20_S13,-68.55163368,78.01821475,11619.87302,11619.87302,19.4296875
AFT2100_S85,-68.55092677,78.01973652,11676.46769,11676.46769,17.890625
AFT2102_S26,-68.55091181,78.0197626,11677.74775,11677.74775,17.890625
AFT22_S49,-68.55161974,78.01824459,11620.98537,11620.98537,19.4296875
AFT2200_S62,-68.55018705,78.02107627,11739.39026,11739.39026,17.734375
AFT2202_S3,-68.55017309,78.02110657,11740.52175,11740.52175,17.734375
AFT30_S25,-68.5516471,78.01825411,11617.93914,11617.93914,19.4296875
AFT3100_S2,-68.550939,78.01977853,11674.63625,11674.63625,17.890625
AFT3102_S38,-68.55092317,78.01980162,11676.04675,11676.04675,17.890625
AFT32_S61,-68.55163244,78.01828692,11619.09101,11619.09101,19.4296875
AFT3200_S74,-68.55019814,78.0211121,11737.76438,11737.76438,17.734375
AFT3202_S15,-68.55018353,78.02113898,11739.00732,11739.00732,17.734375
BPT10_L001,-66.472462,110.549556,2019.71122,2019.71122,25.9921875
BPT1100_L001,-66.472103,110.547549,2086.278022,2086.278022,30.5078125
BPT1102_L001,-66.472083,110.54753,2088.697969,2088.697969,30.5078125
BPT12_L001,-66.472454,110.549517,2021.089907,2021.089907,25.9921875
BPT1200_L001,-66.47172,110.545522,2090.292803,2090.292803,33.8828125
BPT1202_L001,-66.471712,110.545481,2088.301468,2088.301468,33.8828125
BPT20_L001,-66.472446,110.549589,2021.012211,2021.012211,25.9921875
BPT2100_L001,-66.472084,110.547584,2087.799982,2087.799982,30.5078125
BPT2102_L001,-66.472064,110.547559,2090.30761,2090.30761,30.5078125
BPT22_L001,-66.472438,110.549547,2022.428852,2022.428852,25.9921875
BPT2200_L001,-66.471695,110.545533,2088.803471,2088.803471,33.8828125
BPT2202_L001,-66.471688,110.545492,2086.88602,2086.88602,33.8828125
BPT30_L001,-66.472427,110.549601,2022.914143,2022.914143,25.9921875
BPT3100_L001,-66.472067,110.547625,2089.022505,2089.022505,30.5078125
BPT3102_L001,-66.472047,110.547598,2091.558913,2091.558913,30.5078125
BPT32_L001,-66.472417,110.549563,2024.494248,2024.494248,25.9921875
BPT3200_L001,-66.47168,110.545536,2087.788606,2087.788606,33.8828125
BPT3202_L001,-66.471673,110.545495,2085.870744,2085.870744,33.8828125
HVT10_S44_L001,-68.57783479,78.00607381,9077.944785,9077.944785,25.734375
HVT1100_S76_L001,-68.57868126,78.00530884,9007.35023,9007.35023,29.4375
HVT1102_S92_L001,-68.57869999,78.0052991,9005.659755,9005.659755,29.4375
HVT12_S15_L001,-68.57785159,78.00605502,9076.604889,9076.604889,25.734375
HVT1202_S79_L001,-68.57954464,78.00453017,8911.888704,8911.888704,35.6171875
HVT20_S45_L001,-68.57782833,78.00602663,9079.46433,9079.46433,25.734375
HVT2100_S77_L001,-68.57867393,78.00526999,9008.811544,9008.811544,29.4375
HVT22_S61_L001,-68.57784488,78.00601067,9078.097501,9078.097501,25.734375
HVT2200_S29_L001,-68.57952041,78.00450317,8914.443558,8914.443558,35.6171875
HVT2202_S56_L001,-68.57953617,78.00448251,8912.576722,8912.576722,35.6171875
HVT30_S46_L001,-68.57782167,78.00596496,9081.271793,9081.271793,25.734375
HVT3100_S78_L001,-68.57866558,78.00522819,9010.430294,9010.430294,29.4375
HVT3102_S94_L001,-68.57868208,78.00520962,9009.128738,9009.128738,29.4375
HVT32_S62_L001,-68.57783812,78.00594526,9079.984405,9079.984405,25.734375
HVT3200_S30_L001,-68.57950966,78.00446429,8915.432985,8915.432985,32.6328125
HVT3202_S33_L001,-68.57952524,78.0044411,8913.572781,8913.572781,32.6328125
MPT10_L001,-66.311403,110.529715,593.8996827,593.8996827,-11.7734375
MPT1100_L001,-66.311756,110.532207,671.1422079,671.1422079,7.3828125
MPT1102_L001,-66.311772,110.532241,673.3821388,673.3821388,7.3828125
MPT12_L001,-66.311407,110.529765,595.1225383,595.1225383,-11.7734375
MPT1200_L001,-66.312659,110.534395,801.8577264,801.8577264,34.1953125
MPT20_L001,-66.311415,110.529701,594.9486798,594.9486798,-11.7734375
MPT2100_L001,-66.311774,110.532177,672.5718654,672.5718654,7.3828125
MPT2102_L001,-66.311782,110.532214,674.0113217,674.0113217,7.3828125
MPT22_L001,-66.311424,110.529736,596.4621974,596.4621974,-11.7734375
MPT2200_L001,-66.31267,110.534361,802.4810833,802.4810833,34.1953125
MPT2202_L001,-66.312698,110.534387,805.8657872,805.8657872,34.1953125
MPT30_L001,-66.31143,110.529679,596.1880484,596.1880484,-11.7734375
MPT3100_L001,-66.311784,110.532141,673.0572794,673.0572794,7.3828125
MPT3102_L001,-66.311788,110.532182,674.136434,674.136434,7.3828125
MPT32_L001,-66.311438,110.529717,597.6434325,597.6434325,-11.7734375
MPT3200_L001,-66.312681,110.534323,803.0405394,803.0405394,34.1953125
MPT3202_L001,-66.3127,110.534339,805.3110572,805.3110572,34.1953125
OWT10_S27,-68.60009771,77.95220576,6598.17179,6598.17179,37.515625
OWT1100_S4,-68.59969881,77.95439107,6629.917124,6629.917124,35.140625
OWT1102_S40,-68.59969094,77.95444016,6630.524383,6630.524383,35.140625
OWT12_S63,-68.60009083,77.95225026,6598.666451,6598.666451,37.515625
OWT1200_S76,-68.59930911,77.95659397,6661.903604,6661.903604,34.5546875
OWT1202_S17,-68.59930008,77.9566359,6662.705509,6662.705509,34.5546875
OWT20_S39,-68.6001128,77.95222662,6596.368004,6596.368004,37.515625
OWT2100_S16,-68.59971566,77.95441188,6627.926328,6627.926328,35.140625
OWT2102_S52,-68.59970798,77.95446059,6628.514695,6628.514695,35.140625
OWT22_S75,-68.60010604,77.95227106,6596.849863,6596.849863,37.515625
OWT2200_S88,-68.59932416,77.95661894,6660.101913,6660.101913,34.5546875
OWT2202_S29,-68.59931563,77.95666339,6660.835923,6660.835923,34.5546875
OWT30_S51,-68.60012912,77.9522501,6594.411672,6594.411672,37.515625
OWT3100_S28,-68.59973262,77.95443532,6625.908914,6625.908914,35.140625
OWT3102_S64,-68.59972373,77.95448059,6626.651085,6626.651085,35.140625
OWT32_S87,-68.60012223,77.95229315,6594.916593,6594.916593,37.515625
OWT3200_S5,-68.59934009,77.95664338,6658.204733,6658.204733,35.7421875
OWT3202_S41,-68.59933215,77.95668727,6658.875874,6658.875874,34.5546875
RLT10_S53,-68.49379819,78.10926256,14740.35143,14740.35143,30.2265625
RLT1100_S30,-68.49316607,78.11097645,14671.03698,14671.03698,30.2265625
RLT1102_S66,-68.49315624,78.1110195,14669.28562,14669.28562,30.2265625
RLT12_S89,-68.49378616,78.10929862,14738.88702,14738.88702,30.2265625
RLT1200_S7,-68.49268679,78.11302935,14587.64893,14587.64893,32.9609375
RLT1202_S43,-68.49267551,78.11306898,14586.04708,14586.04708,32.9609375
RLT20_S65,-68.49380978,78.10929839,14738.85178,14738.85178,30.2265625
RLT2100_S42,-68.49318282,78.11099973,14670.03608,14670.03608,30.2265625
RLT2102_S78,-68.49317235,78.11104315,14668.27088,14668.27088,30.2265625
RLT22_S6,-68.49379753,78.10933318,14737.44006,14737.44006,30.2265625
RLT2200_S19,-68.49269971,78.11305969,14586.36077,14586.36077,32.9609375
RLT2202_S55,-68.49269046,78.11310361,14584.57606,14584.57606,32.9609375
RLT30_S77,-68.49382588,78.10934362,14736.95612,14736.95612,30.2265625
RLT3100_S54,-68.4932045,78.11105542,14667.6869,14667.6869,30.2265625
RLT3102_S90,-68.49319363,78.11109442,14666.10475,14666.10475,30.2265625
RLT32_S18,-68.49381294,78.10937815,14735.55624,14735.55624,30.2265625
RLT3202_S67,-68.49270402,78.11312206,14583.77643,14583.77643,32.9609375
RRT10_L001,-66.36774,110.58534,186.7432244,186.7432244,10.625
RRT1100_L001,-66.368572,110.585669,205.8707765,205.8707765,19.1484375
RRT1102_L001,-66.36859,110.585662,206.8850731,206.8850731,19.1484375
RRT12_L001,-66.367756,110.58535,186.9548208,186.9548208,10.625
RRT1200_L001,-66.36945,110.585627,242.6095834,242.6095834,28.2109375
RRT1202_L001,-66.369468,110.585626,243.3686781,243.3686781,28.2109375
RRT20_L001,-66.367739,110.585302,188.3197251,188.3197251,10.625
RRT2100_L001,-66.368566,110.585623,207.5884314,207.5884314,19.1484375
RRT2102_L001,-66.368588,110.585621,208.5492994,208.5492994,19.1484375
RRT2200_L001,-66.369451,110.585574,244.9035469,244.9035469,28.2109375
RRT2202_L001,-66.369467,110.585574,245.5404906,245.5404906,28.2109375
RRT3100_L001,-66.368564,110.585581,209.2951929,209.2951929,19.1484375
RRT3102_L001,-66.368584,110.585569,210.6017692,210.6017692,19.1484375
RRT3200_L001,-66.369448,110.58553,246.6554942,246.6554942,28.2109375
RRT3202_L001,-66.369464,110.585531,247.2499054,247.2499054,28.2109375
SRR16979878,-66.411375,110.658213,296.9384434,296.9384434,23.1953125
SRR16979879,-66.41082,110.656534,198.7725405,198.7725405,13.890625
SRR16979880,-66.410222,110.654867,100.2260365,100.2260365,11.546875
SRR16979881,-66.410781,110.656556,197.3163267,197.3163267,13.890625
SRR16979882,-66.410199,110.654866,99.22588776,99.22588776,11.546875
SRR16979883,-66.282252,110.526457,450.1302043,450.1302043,16
SRR16979884,-66.282257,110.526499,451.33214,451.33214,16
SRR16979885,-66.282236,110.52649,448.9608644,448.9608644,16
SRR16979886,-66.282222,110.526503,447.683839,447.683839,16
SRR16979887,-66.28223,110.526545,449.2039708,449.2039708,16
TRT10_S38_L001,-68.54085826,78.07596687,12323.1822,12323.1822,40.6171875
TRT1100_S30_L001,-68.54154093,78.07440274,12253.38897,12253.38897,43.3046875
TRT1102_S16_L001,-68.5415545,78.07437105,12252.00846,12252.00846,43.3046875
TRT12_S29_L001,-68.54087191,78.07593558,12321.78266,12321.78266,40.6171875
TRT1200_S45_L001,-68.54221902,78.07281854,12184.62009,12184.62009,48.1796875
TRT1202_S24_L001,-68.54223234,78.07278591,12183.28047,12183.28047,48.1796875
TRT20_S53_L001,-68.54086593,78.07600309,12322.17722,12322.17722,40.6171875
TRT2100_S60_L001,-68.54155727,78.07446684,12251.28694,12251.28694,43.3046875
TRT2102_S73_L001,-68.54157073,78.07443473,12249.92025,12249.92025,43.3046875
TRT22_S4_L001,-68.54087976,78.07597236,12320.75511,12320.75511,40.6171875
TRT2200_S15_L001,-68.54289851,78.07125433,12116.03703,12116.03703,49.71875
TRT2202_S51_L001,-68.54223698,78.07284545,12182.49148,12182.49148,48.1796875
TRT30_S56_L001,-68.54087454,78.07605527,12321.00256,12321.00256,40.6171875
TRT3100_S44_L001,-68.54156633,78.07452874,12250.00865,12250.00865,43.3046875
TRT3102_S92_L001,-68.54157988,78.0744968,12248.63087,12248.63087,43.3046875
TRT3200_S72_L001,-68.54224388,78.0729315,12181.33034,12181.33034,48.1796875
TRT3202_S35_L001,-68.54225747,78.07289893,12179.95976,12179.95976,48.1796875
